{
  "디지털": {
    "카메라": [
      "DSLR",
      "미러리스",
      "디지털 카메라",
      "액션캠/캠코더",
      "조명",
      "삼각대",
      "가방/파우치"
    ],
    "노트북": ["일반노트북", "게이밍 노트북"],
    "태블릿PC": ["Apple 아이패드", "안드로이드 태블릿", "샤오미"],
    "음향기기": [
      "스피커",
      "이어폰",
      "헤드폰",
      "오디오/턴테이블",
      "방송 마이크",
      "DAC/DAP/엠프",
      "기타 음향기기"
    ],
    "휴대폰/스마트워치/ACC": [
      "중고폰",
      "스마트워치/밴드/ACC",
      "케이스/보호필름",
      "충전기/케이블",
      "보조배터리",
      "셀카봉/거치대",
      "스마트웨어러블"
    ]
  },
  "스포츠/레저": {
    "스포츠 장비": [
      "축구공",
      "농구공",
      "야구 글러브",
      "테니스 라켓",
      "골프 클럽"
    ],
    "캠핑 용품": ["텐트", "캠핑 의자", "캠핑 테이블", "랜턴", "쿨러"],
    "피트니스": ["러닝머신", "덤벨", "요가 매트", "운동화", "스포츠웨어"]
  },
  "자동차용품": {
    "자동차 액세서리": [
      "차량용 공기청정기",
      "네비게이션",
      "블랙박스",
      "차량용 충전기",
      "카 시트"
    ],
    "세차용품": ["카 샴푸", "왁스", "물걸레", "타이어 광택제", "청소기"],
    "자동차 부품": ["브레이크 패드", "오일 필터", "와이퍼", "배터리", "타이어"]
  },
  "홈인테리어": {
    "가구": ["소파", "침대", "식탁", "책상", "의자"],
    "조명": ["스탠드 조명", "천장 조명", "벽 조명", "LED 조명", "스마트 조명"],
    "데코/소품": ["그림 액자", "화분", "쿠션", "시계", "커튼"]
  },
  "뷰티/건강": {
    "스킨케어": ["클렌저", "토너", "에센스", "크림", "선크림"],
    "메이크업": ["립스틱", "아이섀도우", "파운데이션", "마스카라", "블러셔"],
    "건강기기": ["안마의자", "혈압계", "체중계", "수면 마스크", "전자담배"]
  },
  "패션/가방": {
    "여성 패션": ["드레스", "블라우스", "스커트", "힐", "액세서리"],
    "남성 패션": ["셔츠", "바지", "정장", "구두", "넥타이"],
    "가방": ["백팩", "토트백", "클러치", "캐리어", "지갑"]
  },
  "가전": {
    "주방 가전": ["냉장고", "전자레인지", "식기세척기", "커피머신", "전기밥솥"],
    "생활 가전": ["세탁기", "청소기", "에어컨", "히터", "가습기"],
    "이미용 가전": ["헤어드라이어", "고데기", "면도기", "전기 칫솔", "제모기"]
  },
  "유아용품": {
    "유아 의류": ["베이비 슈트", "우주복", "유아 양말", "모자", "장갑"],
    "유아 장난감": ["인형", "블록", "퍼즐", "유모차 장난감", "모빌"],
    "유아 식기": ["젖병", "이유식 그릇", "식탁 의자", "턱받이", "스푼/포크"]
  }
}
