{
  "data": [
    {
      "name": "에어프라이어",
      "price": "99000",
      "category": "생활",
      "img": "./img/air_fry.png"
    },
    {
      "name": "공기청정기",
      "price": "150000",
      "category": "생활",
      "img": "./img/air_purifier.png"
    },
    {
      "name": "에어퍼프",
      "price": "5000",
      "category": "뷰티",
      "img": "./img/airpuff.jpg"
    },
    {
      "name": "닌텐도 스위치 동물의 숲 에디션",
      "price": "400000",
      "category": "게임",
      "img": "./img/animal_crossing_nintendo_switch.jpg"
    },
    {
      "name": "운동용 장갑",
      "price": "15000",
      "category": "운동",
      "img": "./img/athletic_gloves.png"
    },
    {
      "name": "가방",
      "price": "30000",
      "category": "패션",
      "img": "./img/bag.png"
    },
    {
      "name": "곰돌이 쿠션",
      "price": "20000",
      "category": "생활",
      "img": "./img/bear_cushion.jpg"
    },
    {
      "name": "캐리어",
      "price": "70000",
      "category": "여행",
      "img": "./img/carrier.jpg"
    },
    {
      "name": "경추베개",
      "price": "35000",
      "category": "생활",
      "img": "./img/cervical_pillow.jpg"
    },
    {
      "name": "어린이 의자",
      "price": "25000",
      "category": "가구",
      "img": "./img/child_chair.jpg"
    },
    {
      "name": "클렌징 폼",
      "price": "12000",
      "category": "뷰티",
      "img": "./img/cleansing_foam.png"
    },
    {
      "name": "골프채",
      "price": "200000",
      "category": "운동",
      "img": "./img/clubs.png"
    },
    {
      "name": "컬러 손잡이 유리컵",
      "price": "8000",
      "category": "주방",
      "img": "./img/color_handle_glass_mug.jpg"
    },
    {
      "name": "면봉 리필",
      "price": "5000",
      "category": "생활",
      "img": "./img/cotton_swab_refill.jpg"
    },
    {
      "name": "책상",
      "price": "120000",
      "category": "가구",
      "img": "./img/desk.jpg"
    },
    {
      "name": "접시 건조대",
      "price": "15000",
      "category": "주방",
      "img": "./img/dish_drying_rack.jpg"
    },
    {
      "name": "강아지 쿠션",
      "price": "30000",
      "category": "반려동물",
      "img": "./img/dog_cushion.jpg"
    },
    {
      "name": "드레스",
      "price": "50000",
      "category": "패션",
      "img": "./img/dress2.gif"
    },
    {
      "name": "드론",
      "price": "800000",
      "category": "전자제품",
      "img": "./img/drones.png"
    },
    {
      "name": "귀걸이",
      "price": "10000",
      "category": "패션",
      "img": "./img/earring.png"
    },
    {
      "name": "선풍기",
      "price": "40000",
      "category": "생활",
      "img": "./img/fan.png"
    },
    {
      "name": "폼 롤러 1",
      "price": "20000",
      "category": "운동",
      "img": "./img/foam_roller1.png"
    },
    {
      "name": "폼 롤러 2",
      "price": "25000",
      "category": "운동",
      "img": "./img/foam_roller2.png"
    },
    {
      "name": "파운데이션",
      "price": "30000",
      "category": "뷰티",
      "img": "./img/foundation.png"
    },
    {
      "name": "헤어 브러시",
      "price": "8000",
      "category": "뷰티",
      "img": "./img/hair_brush.png"
    },
    {
      "name": "헤어 드라이어",
      "price": "45000",
      "category": "뷰티",
      "img": "./img/hair_dryer.png"
    },
    {
      "name": "헤어 롤",
      "price": "3000",
      "category": "뷰티",
      "img": "./img/hair_roll.jpg"
    },
    {
      "name": "얼음 틀",
      "price": "5000",
      "category": "주방",
      "img": "./img/ice_tray.jpg"
    },
    {
      "name": "실내 자전거",
      "price": "150000",
      "category": "운동",
      "img": "./img/indoor_bicycle.png"
    },
    {
      "name": "아이폰 케이스",
      "price": "20000",
      "category": "전자제품",
      "img": "./img/iphone_cases.png"
    },
    {
      "name": "JBL 스피커",
      "price": "100000",
      "category": "전자제품",
      "img": "./img/jbl.png"
    },
    {
      "name": "청바지",
      "price": "40000",
      "category": "패션",
      "img": "./img/jeans.png"
    },
    {
      "name": "곤약 퍼프",
      "price": "8000",
      "category": "뷰티",
      "img": "./img/konjac_puff.jpg"
    },
    {
      "name": "대접",
      "price": "10000",
      "category": "주방",
      "img": "./img/large_bowl.jpg"
    },
    {
      "name": "레깅스와 브라 탑 세트",
      "price": "50000",
      "category": "패션",
      "img": "./img/leggings_bra_top_set.png"
    },
    {
      "name": "MagSafe 카드 홀더",
      "price": "30000",
      "category": "전자제품",
      "img": "./img/magsafe_card.png"
    },
    {
      "name": "헤드셋",
      "price": "120000",
      "category": "전자제품",
      "img": "./img/major_headset.png"
    },
    {
      "name": "말라니 트레이",
      "price": "20000",
      "category": "생활",
      "img": "./img/malanin_tray.jpg"
    },
    {
      "name": "식기 세트",
      "price": "35000",
      "category": "주방",
      "img": "./img/melamine_plate.jpg"
    },
    {
      "name": "미니 브러시",
      "price": "5000",
      "category": "뷰티",
      "img": "./img/mini_brush.jpg"
    },
    {
      "name": "머그 플레이트 세트",
      "price": "15000",
      "category": "주방",
      "img": "./img/mug_plate_set.jpg"
    },
    {
      "name": "자연산 구아샤",
      "price": "25000",
      "category": "뷰티",
      "img": "./img/natural_guasha.jpg"
    },
    {
      "name": "닌텐도 출생지",
      "price": "2000000",
      "category": "게임",
      "img": "./img/nintendo_birthplace.jpg"
    },
    {
      "name": "닌텐도 역전 재판",
      "price": "50000",
      "category": "게임",
      "img": "./img/Nintendo_reversal_trial.jpg"
    },
    {
      "name": "닌텐도 스플래툰2",
      "price": "50000",
      "category": "게임",
      "img": "./img/nintendo_splatoon2.jpeg"
    },
    {
      "name": "닌텐도 스플래툰3",
      "price": "60000",
      "category": "게임",
      "img": "./img/nintendo_splatoon3.jpg"
    },
    {
      "name": "닌텐도 스위치",
      "price": "300000",
      "category": "게임",
      "img": "./img/nintendo_switch.jpg"
    },
    {
      "name": "닌텐도 스위치 컨트롤러",
      "price": "60000",
      "category": "게임",
      "img": "./img/nintendo_switch_controller.jpeg"
    },
    {
      "name": "닌텐도 Wii",
      "price": "150000",
      "category": "게임",
      "img": "./img/nintendo_wii.jpg"
    },
    {
      "name": "원터치 하네스",
      "price": "25000",
      "category": "반려동물",
      "img": "./img/one_touch_harness.jpg"
    },
    {
      "name": "오븐",
      "price": "200000",
      "category": "주방",
      "img": "./img/oven.png"
    },
    {
      "name": "백팩 브러시",
      "price": "10000",
      "category": "생활",
      "img": "./img/packbrush.jpg"
    },
    {
      "name": "분홍색 드레스",
      "price": "60000",
      "category": "패션",
      "img": "./img/pink_dress.png"
    },
    {
      "name": "플레이스테이션 5",
      "price": "500000",
      "category": "게임",
      "img": "./img/playstation5.png"
    },
    {
      "name": "플레이스테이션 VR2",
      "price": "300000",
      "category": "게임",
      "img": "./img/PlayStationVR2.jpg"
    },
    {
      "name": "qz",
      "price": "100000",
      "category": "패션",
      "img": "./img/qz.png"
    },
    {
      "name": "레드미 워치 4",
      "price": "100000",
      "category": "전자제품",
      "img": "./img/redmi_watch4.png"
    },
    {
      "name": "로봇 청소기",
      "price": "300000",
      "category": "전자제품",
      "img": "./img/robot_vacuum_cleaner.png"
    },
    {
      "name": "롤 브러시",
      "price": "8000",
      "category": "뷰티",
      "img": "./img/roll_brush.jpg"
    },
    {
      "name": "로얄캐닌 어덜트",
      "price": "50000",
      "category": "반려동물",
      "img": "./img/royal_canin_golden_retriever_adult.png"
    },
    {
      "name": "로얄캐닌 미니독",
      "price": "40000",
      "category": "반려동물",
      "img": "./img/royal_canin_minidog.png"
    },
    {
      "name": "고무 밴드",
      "price": "3000",
      "category": "생활",
      "img": "./img/rubber_bands.png"
    },
    {
      "name": "모래 장난감",
      "price": "15000",
      "category": "생활",
      "img": "./img/sand_toy.jpg"
    },
    {
      "name": "체중계",
      "price": "25000",
      "category": "생활",
      "img": "./img/scale.png"
    },
    {
      "name": "가위 도크",
      "price": "5000",
      "category": "생활",
      "img": "./img/scissor_dock.jpg"
    },
    {
      "name": "시스루 강아지",
      "price": "20000",
      "category": "반려동물",
      "img": "./img/seethrough_puppy.jpg"
    },
    {
      "name": "셔츠",
      "price": "30000",
      "category": "패션",
      "img": "./img/shirt.png"
    },
    {
      "name": "스마트워치",
      "price": "200000",
      "category": "전자제품",
      "img": "./img/smartwatches.png"
    },
    {
      "name": "사각 리필병",
      "price": "5000",
      "category": "생활",
      "img": "./img/squarerefills_bottle.png"
    },
    {
      "name": "여름 담요",
      "price": "25000",
      "category": "생활",
      "img": "./img/summer_blanket.jpg"
    },
    {
      "name": "선글라스",
      "price": "80000",
      "category": "패션",
      "img": "./img/sunglasses.png"
    },
    {
      "name": "트레이닝복",
      "price": "50000",
      "category": "패션",
      "img": "./img/sweat_suit.png"
    },
    {
      "name": "식기 세트",
      "price": "30000",
      "category": "주방",
      "img": "./img/tableware_set.jpg"
    },
    {
      "name": "리얼도그 닭고기",
      "price": "40000",
      "category": "반려동물",
      "img": "./img/therealdog_chicken.jpeg"
    },
    {
      "name": "리얼도그 그레인프리",
      "price": "50000",
      "category": "반려동물",
      "img": "./img/therealdog_grainfree.jpeg"
    },
    {
      "name": "리얼도그 양고기",
      "price": "60000",
      "category": "반려동물",
      "img": "./img/therealdog_lamb.jpeg"
    },
    {
      "name": "리얼도그 돼지고기",
      "price": "45000",
      "category": "반려동물",
      "img": "./img/therealdog_pig.jpeg"
    },
    {
      "name": "리얼도그 연어",
      "price": "50000",
      "category": "반려동물",
      "img": "./img/therealdog_salmon.jpeg"
    },
    {
      "name": "트레드밀",
      "price": "300000",
      "category": "운동",
      "img": "./img/treadmill.png"
    },
    {
      "name": "수건",
      "price": "10000",
      "category": "생활",
      "img": "./img/wash_towel.jpg"
    },
    {
      "name": "웰썸 곤충 사료",
      "price": "30000",
      "category": "반려동물",
      "img": "./img/wellsome_insect_feed.png"
    },
    {
      "name": "웰롭펫 음식",
      "price": "40000",
      "category": "반려동물",
      "img": "./img/wollopet_food.jpeg"
    },
    {
      "name": "샤오미 밴드워치",
      "price": "25000",
      "category": "전자제품",
      "img": "./img/xiaomi_bandwatch.png"
    },
    {
      "name": "샤오미 헤드셋",
      "price": "40000",
      "category": "전자제품",
      "img": "./img/xiaomi_headset.png"
    },
    {
      "name": "샤오미 로봇 청소기",
      "price": "200000",
      "category": "전자제품",
      "img": "./img/xiaomi_robot_vacuum_cleaner.jpg"
    },
    {
      "name": "샤오미 커피포트",
      "price": "35000",
      "category": "주방",
      "img": "./img/xiaomi_coffee_pot.jpg"
    },
    {
      "name": "샤오미 선풍기",
      "price": "30000",
      "category": "생활",
      "img": "./img/xiaomi_fan.jpg"
    },
    {
      "name": "샤오미 홈캠",
      "price": "50000",
      "category": "전자제품",
      "img": "./img/xiaomi_home_cam.jpg"
    },
    {
      "name": "샤오미 가습기",
      "price": "45000",
      "category": "생활",
      "img": "./img/xiaomi_humidifier.jpg"
    },
    {
      "name": "샤오미 모니터",
      "price": "300000",
      "category": "전자제품",
      "img": "./img/xiaomi_monitor.jpg"
    },
    {
      "name": "샤오미 패드 펜",
      "price": "15000",
      "category": "전자제품",
      "img": "./img/xiaomi_pad_pen.jpg"
    },
    {
      "name": "샤오미 패드 프로",
      "price": "400000",
      "category": "전자제품",
      "img": "./img/xiaomi_pad_pro.jpg"
    },
    {
      "name": "샤오미 사진 용지",
      "price": "10000",
      "category": "생활",
      "img": "./img/xiaomi_photographic_paper.jpg"
    },
    {
      "name": "샤오미 플레이트",
      "price": "25000",
      "category": "생활",
      "img": "./img/xiaomi_plate.jpg"
    },
    {
      "name": "샤오미 프린터",
      "price": "200000",
      "category": "전자제품",
      "img": "./img/xiaomi_printer.jpg"
    },
    {
      "name": "샤오미 리프레셔",
      "price": "10000",
      "category": "생활",
      "img": "./img/xiaomi_refresher.jpg"
    },
    {
      "name": "샤오미 새제품",
      "price": "35000",
      "category": "전자제품",
      "img": "./img/xiaomi_refresher.jpg"
    },
    {
      "name": "스포츠 물병",
      "price": "20000",
      "category": "운동",
      "img": "./img/xiaomi_sport_water_bottle.jpg"
    },
    {
      "name": "샤오미 무선청소기",
      "price": "250000",
      "category": "전자제품",
      "img": "./img/xiaomi_wireless_cleaner.jpg"
    },
    {
      "name": "xoxo 리미티드 에디션",
      "price": "1000000",
      "category": "패션",
      "img": "./img/xoxo_limited_edition.jpg"
    },
    {
      "name": "요가매트",
      "price": "30000",
      "category": "운동",
      "img": "./img/yoga_mat.jpg"
    }
  ]
}
