{
  "디지털": {
    "image": "<i class='fa-solid fa-plug'></i>",
    "이어폰": [
      "블루투스 이어폰",
      "스포츠 이어폰",
      "무선 이어버드",
      "노이즈 캔슬링 이어폰",
      "넥밴드 이어폰"
    ],
    "케이스": [
      "노트북 슬리브",
      "노트북 하드 케이스",
      "방수 노트북 커버",
      "노트북 가방",
      "노트북 스킨"
    ],
    "충전기": [
      "무선 충전 패드",
      "USB 충전기",
      "멀티 포트 충전기",
      "차량용 충전기",
      "솔라 충전기"
    ],
    "헤드폰": [
      "블루투스 헤드폰",
      "게이밍 헤드셋",
      "스튜디오 헤드폰",
      "키즈 헤드폰",
      "폴더블 헤드폰"
    ],
    "스피커": [
      "블루투스 스피커",
      "휴대용 스피커",
      "와이파이 스피커",
      "사운드바",
      "워터프루프 스피커"
    ],
    "스마트워치": [
      "스마트워치",
      "피트니스 트래커",
      "스마트 브레이슬릿",
      "어린이 스마트워치",
      "스마트워치 밴드"
    ]
  },
  "가전": {
    "image": "<i class='fa-solid fa-couch'></i>",
    "가전제품": [
      "로봇 진공 청소기",
      "미니 냉장고",
      "에어 프라이어",
      "전기 주전자",
      "전자레인지"
    ],
    "전자기기": [
      "태블릿",
      "e북 리더",
      "스마트 홈 허브",
      "스마트 리모컨",
      "미니 프로젝터"
    ],
    "가전쇼핑": [
      "헤어 드라이어",
      "전기 면도기",
      "다리미",
      "가습기",
      "공기청정기"
    ],
    "가전특가": [
      "전기 담요",
      "전기 히터",
      "스팀 청소기",
      "수면 조명",
      "아로마 테라피 디퓨저"
    ],
    "스마트가전": [
      "스마트 조명",
      "스마트 커튼",
      "스마트 플러그",
      "온도 조절기",
      "WiFi 카메라"
    ],
    "가전세일": [
      "세탁기",
      "식기세척기",
      "냉장고",
      "에스프레소 머신",
      "와인 쿨러"
    ]
  },
  "홈인테리어": {
    "image": "<i class='fa-solid fa-house-chimney'></i>",
    "홈인테리어": ["벽걸이 선반", "커튼", "카펫", "LED 조명", "벽지"],
    "인테리어소품": [
      "테이블 램프",
      "장식용 조각상",
      "사진 프레임",
      "장식용 촛대",
      "키 홀더"
    ],
    "집꾸미기": [
      "DIY 벽화 키트",
      "식물용 화분",
      "방향제",
      "도어 스토퍼",
      "바스켓"
    ],
    "홈데코": [
      "아트 포스터",
      "테이블 센터피스",
      "장식용 쿠션",
      "벽걸이 시계",
      "장식 미러"
    ],
    "인테리어가구": [
      "접이식 의자",
      "조립식 책장",
      "스툴",
      "라운지 체어",
      "침대 프레임"
    ],
    "인테리어스타일": [
      "미니멀리스트 데스크",
      "레트로 바 체어",
      "북유럽 스타일 소파",
      "젠 스타일 테라리움",
      "산업용 펜던트 조명"
    ]
  },
  "뷰티/건강": {
    "image": "<i class='fa-regular fa-square-plus'></i>",
    "뷰티제품": [
      "페이셜 마스크",
      "메이크업 브러쉬 세트",
      "네일 폴리쉬",
      "헤어 왁스",
      "아이섀도 팔레트"
    ],
    "건강식품": [
      "프로틴 파우더",
      "비타민 C 타블렛",
      "오메가 3 캡슐",
      "초록입홍합 추출물",
      "천연 스피루리나"
    ],
    "뷰티쇼핑": [
      "립밤",
      "비건 스킨케어 키트",
      "헤어 염색 키트",
      "아크네 패치",
      "속눈썹 연장 키트"
    ],
    "건강용품": ["혈압계", "체온계", "글루코미터", "전동 칫솔", "마사지 건"],
    "스킨케어": [
      "클렌징 오일",
      "토너",
      "페이셜 세럼",
      "모이스처라이저",
      "선크림"
    ],
    "헬스용품": [
      "요가 매트",
      "점핑 로프",
      "덤벨 세트",
      "피트니스 밴드",
      "운동용 레그 밴드"
    ]
  },
  "패션/가방": {
    "image": "<i class='fa-solid fa-shirt'></i>",
    "스킨케어": [
      "안티 에이징 크림",
      "하이드레이팅 젤",
      "비건 스킨케어",
      "안티-레드니스 세럼",
      "남성용 스킨케어 키트"
    ],
    "메이크업": [
      "뷰티 스펀지",
      "브러쉬 세트",
      "마스카라",
      "컨투어 팔레트",
      "브라이트닝 프라이머"
    ],
    "건강기기": [
      "디지털 체중계",
      "피트니스 트래킹 워치",
      "핸드 헬드 마사지기",
      "음파 진동 치안 기기",
      "UV 살균기"
    ],
    "부티크": [
      "패션 백팩",
      "크로스바디 백",
      "클러치",
      "토트 백",
      "여행용 캐리어"
    ],
    "건강식품": [
      "다이어트 티",
      "디톡스 주스 팩",
      "식이섬유 보충제",
      "식욕 억제제",
      "케토 다이어트 캡슐"
    ],
    "패션소품": ["선글래스", "시계", "벨트", "주얼리 세트", "헤어 액세서리"]
  },
  "유아용품": {
    "image": "<i class='fa-solid fa-baby-carriage'></i>",
    "유아용품": [
      "아기 모니터",
      "유아 목욕용품",
      "기저귀 가방",
      "아기 먹는 의자",
      "아기용 장난감"
    ],
    "아기용품": [
      "유아 의류",
      "아기 신발",
      "아기 모자",
      "아기 용품 세트",
      "유아용 침구"
    ],
    "육아용품": [
      "젖병",
      "유아용 식기",
      "아기 스푼",
      "유아용 물티슈",
      "유아용 크림"
    ],
    "유아장난감": [
      "퍼즐",
      "블록 장난감",
      "유아용 책",
      "소리 나는 장난감",
      "걸음마 보조기"
    ],
    "아기옷": [
      "아기 바디슈트",
      "아기 팬티",
      "아기 모자",
      "아기 양말",
      "아기 스웨터"
    ],
    "유아가구": [
      "아기 침대",
      "아기 침대 보호대",
      "유아용 테이블",
      "아기 전용 소파",
      "유아용 보관함"
    ]
  },
  "게임": {
    "image": "<i class='fa-solid fa-gamepad'></i>",
    "게임기기": [
      "게임 콘솔",
      "가상 현실 헤드셋",
      "게임 컨트롤러",
      "모바일 게임 액세서리",
      "PC 게임 패드"
    ],
    "게임액세서리": [
      "게임용 헤드셋",
      "컨트롤러 충전기",
      "게임 캡처 카드",
      "컨트롤러 그립",
      "커스텀 쉘"
    ],
    "콘솔게임": [
      "레이싱 게임",
      "액션 게임",
      "RPG 게임",
      "스포츠 게임",
      "어드벤처 게임"
    ],
    "PC게임": [
      "스트레티지 게임",
      "FPS 게임",
      "인디 게임",
      "멀티플레이어 게임",
      "시뮬레이션 게임"
    ],
    "게임타이틀": [
      "오픈 월드 게임",
      "판타지 게임",
      "호러 게임",
      "퍼즐 게임",
      "캐주얼 게임"
    ],
    "게임쇼핑": [
      "게임 기프트 카드",
      "인게임 아이템",
      "게임 DLC",
      "게임 가이드북",
      "게임 스킨"
    ]
  },
  "스포츠/레저": {
    "image": "<i class='fa-solid fa-baseball-bat-ball'></i>",
    "헬스": [
      "저항 밴드 세트",
      "피트니스 매트",
      "스포츠 타이머",
      "헬스 글러브",
      "웨이트 벨트"
    ],
    "요가": [
      "요가 매트",
      "요가 블록",
      "스트레칭 스트랩",
      "발란스 볼",
      "요가 타월"
    ],
    "골프": [
      "골프 클럽 세트",
      "골프공",
      "골프 티",
      "골프 핸드글러브",
      "골프 가방"
    ],
    "사이클링": [
      "사이클링 헬멧",
      "자전거 라이트",
      "자전거 자물쇠",
      "사이클링 글러브",
      "자전거 펌프"
    ],
    "런닝머신": [
      "접이식 런닝머신",
      "전동 런닝머신",
      "매뉴얼 런닝머신",
      "런닝머신 매트",
      "런닝머신 윤활유"
    ],
    "스포츠의류": [
      "스포츠 레깅스",
      "스포츠 브라",
      "스포츠 자켓",
      "스포츠 반바지",
      "컴프레션 의류"
    ]
  }
}
