{
  "morning": [
    { "1": "플레이스테이션" },
    { "2": "샤오미" },
    { "3": "애플워치" },
    { "4": "가디건" },
    { "5": "화장실청소" },
    { "6": "필통" },
    { "7": "인조속눈썹" },
    { "8": "연필깎이" },
    { "9": "지우개" },
    { "10": "틴트" }
  ],
  "afternoon": [
    { "1": "블루투스 이어폰" },
    { "2": "LED 데스크 램프" },
    { "3": "미니 드론" },
    { "4": "휴대용 전기 면도기" },
    { "5": "실리콘 아이폰 케이스" },
    { "6": "스마트폰 삼각대" },
    { "7": "USB 선풍기" },
    { "8": "무선 충전기" },
    { "9": "안전벨트 커버" },
    { "10": "차량용 공기청정기" }
  ],
  "evening": [
    { "1": "캠핑용 접이식 의자" },
    { "2": "스마트 전구" },
    { "3": "고속 충전 케이블" },
    { "4": "방수 백팩" },
    { "5": "자동차 휴지통" },
    { "6": "소형 전기 온풍기" },
    { "7": "메모리 폼 베개" },
    { "8": "텀블러" },
    { "9": "소형 무선 청소기" },
    { "10": "여행용 파우치 세트" }
  ]
}
