[
  {
    "id": "AA-0001",
    "brand": "Jennie's GM",
    "product_name": "블랙 캣아이 선글라스",
    "discount": "76%",
    "price": "1,815원",
    "original_price": "5,704원",
    "delivery": "무료배송",
    "delivery_date": "9/20 도착예정",
    "ratings": "173개",
    "reviews": "★★★★☆",
    "image_path": "./dbImg/welcome1.png",
    "category": "sunglasses",
    "isFavorited": false
  },
  {
    "id": "AA-0002",
    "brand": "K.NOBSPIN",
    "product_name": "실버 더블 링 펜던트 목걸이",
    "discount": "85%",
    "price": "1,350원",
    "original_price": "9,200원",
    "delivery": "무료배송",
    "delivery_date": "9/20 도착예정",
    "ratings": "273개",
    "reviews": "★★★★★",
    "image_path": "https://img.29cm.co.kr/next-product/2021/10/03/dcbbb617d4b34679b9a9219ec1a66737_20211003030520.jpg?width=700",
    "category": "necklace",
    "isFavorited": false
  },
  {
    "id": "AA-0003",
    "brand": "NARS",
    "product_name": "나스 리플렉팅 파운데이션",
    "discount": "69%",
    "price": "32,605원",
    "original_price": "105,883원",
    "delivery": "무료배송",
    "delivery_date": "9/22 도착예정",
    "ratings": "809개",
    "reviews": "★★★★☆",
    "image_path": "./dbImg/welcome3.jpg",
    "category": "foundation",
    "isFavorited": false
  },
  {
    "id": "AA-0004",
    "brand": "Fennec",
    "product_name": "CRINKLE TRIANGLE WALLET",
    "discount": "45%",
    "price": "16,214원",
    "original_price": "29,480원",
    "delivery": "무료배송",
    "delivery_date": "9/18 도착예정",
    "ratings": "92개",
    "reviews": "★★★★★",
    "image_path": "./dbImg/welcome4.jpg",
    "category": "wallet",
    "isFavorited": false
  },
  {
    "id": "WK-0001",
    "brand": "닌텐도",
    "product_name": "닌텐도 스위치 OLED",
    "discount": "24%",
    "price": "374,000원",
    "original_price": "492,000원",
    "delivery": "무료배송",
    "delivery_date": "9/20 도착예정",
    "ratings": "430개",
    "image_path": "./dbImg/Weekly1.png",
    "category": "weekly",
    "viewPoint": "많이 본 상품",
    "cartPoint": "많이 담은 상품",
    "buyingPoint": "많이 구매 한 상품",
    "shippingType": "국내배송",
    "isFavorited": false,
    "shippingMethod": "choice배송",
    "cart": 0,
    "Product-classification": "디지털",
    "reviews": "★★★☆☆",
    "Detailed-image": "./dbImg/Weekly1.png"
  },
  {
    "id": "WK-0002",
    "brand": "샤오미",
    "product_name": "샤오미 Redmi Watch 4",
    "discount": "57%",
    "price": "93,427원",
    "original_price": "220,066원",
    "delivery": "무료배송",
    "delivery_date": "9/22 도착예정",
    "ratings": "122개",
    "image_path": "./dbImg/Weekly2.png",
    "category": "weekly",
    "viewPoint": "많이 본 상품",
    "cartPoint": "많이 담은 상품",
    "buyingPoint": "많이 구매 한 상품",
    "shippingType": "국내배송",
    "isFavorited": false,
    "shippingMethod": "7-10일 배송",
    "cart": 0,
    "Product-classification": "디지털",
    "reviews": "★★★★★",
    "Detailed-image": "./dbImg/Weekly2.png"
  },
  {
    "id": "WK-0003",
    "brand": "DJI",
    "product_name": "RG101 프로 GPS 리턴 드론",
    "discount": "66%",
    "price": "130,298원",
    "original_price": "391,311원",
    "delivery": "무료배송",
    "delivery_date": "9/18 도착예정",
    "ratings": "230개",
    "image_path": "./dbImg/Weekly3.jpg",
    "category": "weekly",
    "viewPoint": "많이 본 상품",
    "cartPoint": "많이 담은 상품",
    "buyingPoint": "많이 구매 한 상품",
    "shippingType": "국내배송",
    "isFavorited": false,
    "shippingMethod": "choice배송",
    "cart": 0,
    "Product-classification": "디지털",
    "reviews": "★★★☆☆",
    "Detailed-image": "./dbImg/Weekly3.jpg"
  },
  {
    "id": "WK-0004",
    "brand": "PlayStation",
    "product_name": "PS5 플레이스테이션5",
    "discount": "24%",
    "price": "374,000원",
    "original_price": "492,000원",
    "delivery": "무료배송",
    "delivery_date": "9/24 도착예정",
    "ratings": "30개",
    "image_path": "./dbImg/Weekly4.png",
    "category": "weekly",
    "viewPoint": "많이 본 상품",
    "cartPoint": "많이 담은 상품",
    "buyingPoint": "많이 구매 한 상품",
    "shippingType": "국내배송",
    "isFavorited": false,
    "shippingMethod": "choice배송",
    "cart": 0,
    "Product-classification": "디지털",
    "reviews": "★★★★☆",
    "Detailed-image": "./dbImg/Weekly4.png"
  },
  {
    "id": "WK-0005",
    "brand": "앱코",
    "product_name": "MK108",
    "discount": "57%",
    "price": "93,427원",
    "original_price": "220,066원",
    "delivery": "해외배송",
    "delivery_date": "9/22 도착예정",
    "ratings": "1,024개",
    "image_path": "./dbImg/Weekly5.png",
    "category": "weekly",
    "viewPoint": "많이 본 상품",
    "cartPoint": "많이 담은 상품",
    "buyingPoint": "많이 구매 한 상품",
    "shippingType": "해외배송",
    "isFavorited": false,
    "shippingMethod": "choice배송",
    "cart": 0,
    "Product-classification": "디지털",
    "reviews": "★★★★☆",
    "Detailed-image": "./dbImg/Weekly5.png"
  },
  {
    "id": "WK-0006",
    "brand": "YECKTEGJ",
    "product_name": "X12 Plus 레트로 휴대용 게임 플레이어",
    "discount": "66%",
    "price": "130,298원",
    "original_price": "391,311원",
    "delivery": "해외배송",
    "delivery_date": "9/18 도착예정",
    "ratings": "230개",
    "image_path": "./dbImg/Weekly6.png",
    "category": "weekly",
    "viewPoint": "많이 본 상품",
    "cartPoint": "많이 담은 상품",
    "buyingPoint": "많이 구매 한 상품",
    "shippingType": "해외배송",
    "isFavorited": false,
    "shippingMethod": "choice배송",
    "cart": 0,
    "Product-classification": "디지털",
    "reviews": "★★★★★",
    "Detailed-image": "./dbImg/Weekly6.png"
  },
  {
    "id": "AP-0001",
    "brand": "쿠첸",
    "product_name": "[공식정품] 6인용 전기밥솥 CRE-D0601I",
    "discount": "14%",
    "price": "62,959원",
    "original_price": "76,900원",
    "delivery": "무료배송",
    "delivery_date": "9/20 도착예정",
    "ratings": "173개",
    "image_path": "./dbImg/foryou1.png",
    "category": "foryou",
    "viewPoint": "많이 본 상품",
    "cartPoint": "많이 담은 상품",
    "buyingPoint": "많이 구매 한 상품",
    "shippingType": "국내배송",
    "isFavorited": false,
    "shippingMethod": "7-10일 배송",
    "cart": 0,
    "Product-classification": "가전제품",
    "reviews": "★★★★★"
  },
  {
    "id": "AP-0002",
    "brand": "SAMSUNG",
    "product_name": "비스포크 큐커 컨벡션오븐 32L 전자레인지",
    "discount": "23%",
    "price": "171,900원",
    "original_price": "191,000원",
    "delivery": "무료배송",
    "delivery_date": "9/18 도착예정",
    "ratings": "240개",
    "image_path": "./dbImg/foryou2.png",
    "category": "foryou",
    "viewPoint": "많이 본 상품",
    "cartPoint": "많이 담은 상품",
    "buyingPoint": "많이 구매 한 상품",
    "shippingType": "국내배송",
    "isFavorited": false,
    "shippingMethod": "7-10일 배송",
    "cart": 0,
    "Product-classification": "가전제품",
    "reviews": "★★★★☆"
  },
  {
    "id": "AP-0003",
    "brand": "Xiaomi",
    "product_name": "Xiaomi Five-in-one 스마트 진공 청소기",
    "discount": "80%",
    "price": "8,393원",
    "original_price": "42,479원",
    "delivery": "무료배송",
    "delivery_date": "9/21 도착예정",
    "ratings": "187개",
    "image_path": "./dbImg/foryou3.png",
    "category": "foryou",
    "viewPoint": "많이 본 상품",
    "cartPoint": "많이 담은 상품",
    "buyingPoint": "많이 구매 한 상품",
    "shippingType": "국내배송",
    "isFavorited": false,
    "shippingMethod": "7-10일 배송",
    "cart": 0,
    "Product-classification": "가전제품",
    "reviews": "★★★★★"
  },
  {
    "id": "AP-0004",
    "brand": "Xiaomi",
    "product_name": "미지아 스마트 항균 가습기 4.5L",
    "discount": "69%",
    "price": "36,645원",
    "original_price": "118,670원",
    "delivery": "무료배송",
    "delivery_date": "9/20 도착예정",
    "ratings": "370개",
    "image_path": "./dbImg/foryou4.png",
    "category": "foryou",
    "viewPoint": "많이 본 상품",
    "cartPoint": "많이 담은 상품",
    "buyingPoint": "많이 구매 한 상품",
    "shippingType": "국내배송",
    "isFavorited": false,
    "shippingMethod": "7-10일 배송",
    "cart": 0,
    "Product-classification": "가전제품",
    "reviews": "★★★☆☆"
  },
  {
    "id": "AP-0005",
    "brand": "HANN",
    "product_name": "14인치 스탠드형 에어 서큘레이터",
    "discount": "20%",
    "price": "32,018원",
    "original_price": "40,030원",
    "delivery": "무료배송",
    "delivery_date": "9/20 도착예정",
    "ratings": "230개",
    "image_path": "./dbImg/foryou5.png",
    "category": "foryou",
    "viewPoint": "많이 본 상품",
    "cartPoint": "많이 담은 상품",
    "buyingPoint": "많이 구매 한 상품",
    "shippingType": "국내배송",
    "isFavorited": false,
    "shippingMethod": "7-10일 배송",
    "cart": 0,
    "Product-classification": "가전제품",
    "reviews": "★★★★☆"
  },
  {
    "id": "AP-0006",
    "brand": "Xiaomi",
    "product_name": "미지아 휴대용 의류 스팀다리미",
    "discount": "71%",
    "price": "48,819원",
    "original_price": "168,970원",
    "delivery": "무료배송",
    "delivery_date": "9/20 도착예정",
    "ratings": "190개",
    "image_path": "./dbImg/foryou6.png",
    "category": "foryou",
    "viewPoint": "많이 본 상품",
    "cartPoint": "많이 담은 상품",
    "buyingPoint": "많이 구매 한 상품",
    "shippingType": "국내배송",
    "isFavorited": false,
    "shippingMethod": "7-10일 배송",
    "cart": 0,
    "Product-classification": "가전제품",
    "reviews": "★★★★★"
  },
  {
    "id": "CP-0001",
    "brand": "Naturehike",
    "product_name": "4인용 오토 캠핑 텐트",
    "discount": "60%",
    "price": "40,000원",
    "original_price": "100,000원",
    "delivery": "무료배송",
    "delivery_date": "9/20 도착예정",
    "ratings": "200개",
    "image_path": "./dbImg/foryou7.png",
    "category": "camping",
    "viewPoint": "많이 본 상품",
    "cartPoint": "많이 담은 상품",
    "buyingPoint": "많이 구매 한 상품",
    "shippingType": "국내배송",
    "isFavorited": false,
    "shippingMethod": "7-10일 배송",
    "cart": 0,
    "Product-classification": "야외 장비",
    "reviews": "★★★★☆"
  },
  {
    "id": "CP-0002",
    "brand": "Kooler",
    "product_name": "30L 아이스박스",
    "discount": "50%",
    "price": "50,000원",
    "original_price": "120,000원",
    "delivery": "무료배송",
    "delivery_date": "9/22 도착예정",
    "ratings": "150개",
    "image_path": "./dbImg/foryou8.png",
    "category": "camping",
    "viewPoint": "많이 본 상품",
    "cartPoint": "많이 담은 상품",
    "buyingPoint": "많이 구매 한 상품",
    "shippingType": "해외배송",
    "isFavorited": true,
    "shippingMethod": "choice배송",
    "cart": 0,
    "Product-classification": "야외 장비",
    "reviews": "★★★★★"
  },
  {
    "id": "CP-0003",
    "brand": "X-Camp",
    "product_name": "휴대용 캠핑 접이식 체어",
    "discount": "70%",
    "price": "30,000원",
    "original_price": "90,000원",
    "delivery": "무료배송",
    "delivery_date": "9/23 도착예정",
    "ratings": "180개",
    "image_path": "./dbImg/foryou9.png",
    "category": "camping",
    "viewPoint": "많이 본 상품",
    "cartPoint": "많이 담은 상품",
    "buyingPoint": "많이 구매 한 상품",
    "shippingType": "국내배송",
    "isFavorited": false,
    "shippingMethod": "7-10일 배송",
    "cart": 0,
    "Product-classification": "야외 장비",
    "reviews": "★★★★☆"
  },
  {
    "id": "CP-0004",
    "brand": "Firepit",
    "product_name": "캠핑용 스테인리스 화로대",
    "discount": "65%",
    "price": "35,000원",
    "original_price": "110,000원",
    "delivery": "무료배송",
    "delivery_date": "9/21 도착예정",
    "ratings": "160개",
    "image_path": "./dbImg/foryou10.png",
    "category": "camping",
    "viewPoint": "많이 본 상품",
    "cartPoint": "많이 담은 상품",
    "buyingPoint": "많이 구매 한 상품",
    "shippingType": "해외배송",
    "isFavorited": true,
    "shippingMethod": "choice배송",
    "cart": 0,
    "Product-classification": "야외 장비",
    "reviews": "★★★★★"
  },
  {
    "id": "CP-0005",
    "brand": "Outdoor",
    "product_name": "휴대용 캠핑 테이블 세트",
    "discount": "75%",
    "price": "25,000원",
    "original_price": "95,000원",
    "delivery": "무료배송",
    "delivery_date": "9/25 도착예정",
    "ratings": "140개",
    "image_path": "./dbImg/foryou11.png",
    "category": "camping",
    "viewPoint": "많이 본 상품",
    "cartPoint": "많이 담은 상품",
    "buyingPoint": "많이 구매 한 상품",
    "shippingType": "국내배송",
    "isFavorited": false,
    "shippingMethod": "7-10일 배송",
    "cart": 0,
    "Product-classification": "야외 장비",
    "reviews": "★★★★☆"
  },
  {
    "id": "CP-0006",
    "brand": "CookMaster",
    "product_name": "휴대용 가스버너 캠핑 세트",
    "discount": "85%",
    "price": "15,000원",
    "original_price": "85,000원",
    "delivery": "무료배송",
    "delivery_date": "9/18 도착예정",
    "ratings": "190개",
    "image_path": "./dbImg/foryou12.png",
    "category": "camping",
    "viewPoint": "많이 본 상품",
    "cartPoint": "많이 담은 상품",
    "buyingPoint": "많이 구매 한 상품",
    "shippingType": "해외배송",
    "isFavorited": true,
    "shippingMethod": "choice배송",
    "cart": 0,
    "Product-classification": "야외 장비",
    "reviews": "★★★★★"
  },
  {
    "id": "PT-0001",
    "brand": "Petcare",
    "product_name": "자동 급수기 펫드링크",
    "discount": "25%",
    "price": "20,000원",
    "original_price": "26,666원",
    "delivery": "무료배송",
    "delivery_date": "9/18 도착예정",
    "ratings": "56개",
    "image_path": "./dbImg/foryou13.png",
    "category": "pet",
    "viewPoint": "많이 본 상품",
    "cartPoint": "많이 담은 상품",
    "buyingPoint": "많이 구매 한 상품",
    "shippingType": "국내배송",
    "isFavorited": false,
    "shippingMethod": "7-10일 배송",
    "cart": 0,
    "Product-classification": "반려동물 용품",
    "reviews": "★★★★☆"
  },
  {
    "id": "PT-0002",
    "brand": "Cat Cozy",
    "product_name": "휴대용 고양이 침대 겸 이동장",
    "discount": "35%",
    "price": "22,000원",
    "original_price": "33,846원",
    "delivery": "무료배송",
    "delivery_date": "9/18 도착예정",
    "ratings": "173개",
    "image_path": "./dbImg/foryou14.png",
    "category": "pet",
    "viewPoint": "많이 본 상품",
    "cartPoint": "많이 담은 상품",
    "buyingPoint": "많이 구매 한 상품",
    "shippingType": "해외배송",
    "isFavorited": true,
    "shippingMethod": "choice배송",
    "cart": 0,
    "Product-classification": "반려동물 용품",
    "reviews": "★★★★★"
  },
  {
    "id": "PT-0003",
    "brand": "PetDressUp",
    "product_name": "고양이 할로윈 배트맨 의상",
    "discount": "50%",
    "price": "20,000원",
    "original_price": "40,000원",
    "delivery": "무료배송",
    "delivery_date": "9/18 도착예정",
    "ratings": "202개",
    "image_path": "./dbImg/foryou15.png",
    "category": "pet",
    "viewPoint": "많이 본 상품",
    "cartPoint": "많이 담은 상품",
    "buyingPoint": "많이 구매 한 상품",
    "shippingType": "국내배송",
    "isFavorited": false,
    "shippingMethod": "7-10일 배송",
    "cart": 0,
    "Product-classification": "반려동물 용품",
    "reviews": "★★★★☆"
  },
  {
    "id": "PT-0004",
    "brand": "Pet Puzzle",
    "product_name": "강아지 노즈워크 훈련 매트",
    "discount": "60%",
    "price": "21,000원",
    "original_price": "52,500원",
    "delivery": "무료배송",
    "delivery_date": "9/18 도착예정",
    "ratings": "112개",
    "image_path": "./dbImg/foryou16.png",
    "category": "pet",
    "viewPoint": "많이 본 상품",
    "cartPoint": "많이 담은 상품",
    "buyingPoint": "많이 구매 한 상품",
    "shippingType": "해외배송",
    "isFavorited": true,
    "shippingMethod": "choice배송",
    "cart": 0,
    "Product-classification": "반려동물 용품",
    "reviews": "★★★★★"
  },
  {
    "id": "PT-0005",
    "brand": "CozyPet",
    "product_name": "강아지용 텐트 하우스",
    "discount": "70%",
    "price": "24,000원",
    "original_price": "80,000원",
    "delivery": "무료배송",
    "delivery_date": "9/18 도착예정",
    "ratings": "92개",
    "image_path": "./dbImg/foryou17.png",
    "category": "pet",
    "viewPoint": "많이 본 상품",
    "cartPoint": "많이 담은 상품",
    "buyingPoint": "많이 구매 한 상품",
    "shippingType": "국내배송",
    "isFavorited": false,
    "shippingMethod": "7-10일 배송",
    "cart": 0,
    "Product-classification": "반려동물 용품",
    "reviews": "★★★★☆"
  },
  {
    "id": "PT-0006",
    "brand": "Pet Fashion",
    "product_name": "강아지용 스타일 선캡",
    "discount": "15%",
    "price": "19,000원",
    "original_price": "22,353원",
    "delivery": "무료배송",
    "delivery_date": "9/18 도착예정",
    "ratings": "102개",
    "image_path": "./dbImg/foryou18.png",
    "category": "pet",
    "viewPoint": "많이 본 상품",
    "cartPoint": "많이 담은 상품",
    "buyingPoint": "많이 구매 한 상품",
    "shippingType": "해외배송",
    "isFavorited": true,
    "shippingMethod": "choice배송",
    "cart": 0,
    "Product-classification": "반려동물 용품",
    "reviews": "★★★★★"
  },
  {
    "id": "DG-0001",
    "brand": "SKY",
    "product_name": "블루투스5.3 무선 헤드셋",
    "discount": "34%",
    "price": "18,848원",
    "original_price": "28,565원",
    "delivery": "무료배송",
    "delivery_date": "9/8 도착예정",
    "ratings": "120개",
    "image_path": "./dbImg/category/01digital/categoryContent1.png",
    "category": "digital",
    "viewPoint": "많이 본 상품",
    "cartPoint": "많이 담은 상품",
    "buyingPoint": "많이 구매 한 상품",
    "shippingType": "국내배송",
    "isFavorited": false,
    "shippingMethod": "7-10일 배송",
    "cart": 0,
    "Product-classification": "디지털",
    "reviews": "★★★★☆"
  },
  {
    "id": "DG-0002",
    "brand": "SAMSUNG",
    "product_name": "[공식정품] JBL GO3 블루투스 스피커",
    "discount": "20%",
    "price": "30,858원",
    "original_price": "38,500원",
    "delivery": "무료배송",
    "delivery_date": "9/9 도착예정",
    "ratings": "245개",
    "image_path": "./dbImg/category/01digital/categoryContent2.png",
    "category": "digital",
    "viewPoint": "많이 본 상품",
    "cartPoint": "많이 담은 상품",
    "buyingPoint": "많이 구매 한 상품",
    "shippingType": "해외배송",
    "isFavorited": true,
    "shippingMethod": "choice배송",
    "cart": 0,
    "Product-classification": "디지털",
    "reviews": "★★★★★"
  },
  {
    "id": "DG-0003",
    "brand": "MARSHALL",
    "product_name": "MAJOR IV 블루투스 헤드폰",
    "discount": "52%",
    "price": "45,243원",
    "original_price": "96,116원",
    "delivery": "무료배송",
    "delivery_date": "9/19 도착예정",
    "ratings": "76개",
    "image_path": "./dbImg/category/01digital/categoryContent3.png",
    "category": "digital",
    "viewPoint": "많이 본 상품",
    "cartPoint": "많이 담은 상품",
    "buyingPoint": "많이 구매 한 상품",
    "shippingType": "국내배송",
    "isFavorited": false,
    "shippingMethod": "7-10일 배송",
    "cart": 0,
    "Product-classification": "디지털",
    "reviews": "★★★★☆"
  },
  {
    "id": "DG-0004",
    "brand": "APPLE",
    "product_name": "애플 워치 SE GPS 40mm, 44mm",
    "discount": "66%",
    "price": "250,936원",
    "original_price": "735,547원",
    "delivery": "무료배송",
    "delivery_date": "9/19 도착예정",
    "ratings": "202개",
    "image_path": "./dbImg/category/01digital/categoryContent4.png",
    "category": "digital",
    "viewPoint": "많이 본 상품",
    "cartPoint": "많이 담은 상품",
    "buyingPoint": "많이 구매 한 상품",
    "shippingType": "해외배송",
    "isFavorited": true,
    "shippingMethod": "choice배송",
    "cart": 0,
    "Product-classification": "디지털",
    "reviews": "★★★★★"
  },
  {
    "id": "DG-0005",
    "brand": "APPLE",
    "product_name": "맥세이프 애플 실리콘 마그네틱 케이스",
    "discount": "86%",
    "price": "5,268원",
    "original_price": "39,616원",
    "delivery": "무료배송",
    "delivery_date": "9/20 도착예정",
    "ratings": "570개",
    "image_path": "./dbImg/category/01digital/categoryContent5.png",
    "category": "digital",
    "viewPoint": "많이 본 상품",
    "cartPoint": "많이 담은 상품",
    "buyingPoint": "많이 구매 한 상품",
    "shippingType": "국내배송",
    "isFavorited": false,
    "shippingMethod": "7-10일 배송",
    "cart": 0,
    "Product-classification": "디지털",
    "reviews": "★★★★★"
  },
  {
    "id": "DG-0006",
    "brand": "APPLE",
    "product_name": "맥세이프 카드지갑",
    "discount": "65%",
    "price": "12,061원",
    "original_price": "34,775원",
    "delivery": "무료배송",
    "delivery_date": "9/20 도착예정",
    "ratings": "73개",
    "image_path": "./dbImg/category/01digital/categoryContent6.png",
    "category": "digital",
    "viewPoint": "많이 본 상품",
    "cartPoint": "많이 담은 상품",
    "buyingPoint": "많이 구매 한 상품",
    "shippingType": "해외배송",
    "isFavorited": true,
    "shippingMethod": "choice배송",
    "cart": 0,
    "Product-classification": "디지털",
    "reviews": "★★★★☆"
  },
  {
    "id": "DG-0007",
    "brand": "바우와우",
    "product_name": "3in1 듀얼 코일 고속 무선충전기",
    "discount": "38%",
    "price": "17,592원",
    "original_price": "28,374원",
    "delivery": "무료배송",
    "delivery_date": "9/20 도착예정",
    "ratings": "93개",
    "image_path": "./dbImg/category/01digital/categoryContent7.png",
    "category": "digital",
    "viewPoint": "많이 본 상품",
    "cartPoint": "많이 담은 상품",
    "buyingPoint": "많이 구매 한 상품",
    "shippingType": "국내배송",
    "isFavorited": false,
    "shippingMethod": "7-10일 배송",
    "cart": 0,
    "Product-classification": "디지털",
    "reviews": "★★★★☆"
  },
  {
    "id": "DG-0008",
    "brand": "Xiaomi",
    "product_name": "AP05 트루 무선 이어폰 Buds5",
    "discount": "70%",
    "price": "3,671원",
    "original_price": "12,240원",
    "delivery": "무료배송",
    "delivery_date": "9/9 도착예정",
    "ratings": "373개",
    "image_path": "./dbImg/category/01digital/categoryContent8.png",
    "category": "digital",
    "viewPoint": "많이 본 상품",
    "cartPoint": "많이 담은 상품",
    "buyingPoint": "많이 구매 한 상품",
    "shippingType": "해외배송",
    "isFavorited": true,
    "shippingMethod": "choice배송",
    "cart": 0,
    "Product-classification": "디지털",
    "reviews": "★★★★★"
  },
  {
    "id": "AP-0007",
    "brand": "Xiaomi",
    "product_name": "미지아 스마트 초음파 가습기",
    "discount": "25%",
    "price": "75,000원",
    "original_price": "100,000원",
    "delivery": "무료배송",
    "delivery_date": "9/10 도착예정",
    "ratings": "150개",
    "image_path": "./dbImg/category/02appliances/appliances1.jpg",
    "category": "appliances",
    "viewPoint": "많이 본 상품",
    "cartPoint": "많이 담은 상품",
    "buyingPoint": "많이 구매 한 상품",
    "shippingType": "국내배송",
    "isFavorited": false,
    "shippingMethod": "7-10일 배송",
    "cart": 0,
    "Product-classification": "가전제품",
    "reviews": "★★★★☆"
  },
  {
    "id": "AP-0008",
    "brand": "Xiaomi",
    "product_name": "미지아 무선 전기포트 1.5L",
    "discount": "30%",
    "price": "28,000원",
    "original_price": "40,000원",
    "delivery": "무료배송",
    "delivery_date": "9/12 도착예정",
    "ratings": "200개",
    "image_path": "./dbImg/category/02appliances/appliances2.jpg",
    "category": "appliances",
    "viewPoint": "많이 본 상품",
    "cartPoint": "많이 담은 상품",
    "buyingPoint": "많이 구매 한 상품",
    "shippingType": "해외배송",
    "isFavorited": true,
    "shippingMethod": "choice배송",
    "cart": 0,
    "Product-classification": "가전제품",
    "reviews": "★★★★★"
  },
  {
    "id": "AP-0009",
    "brand": "Xiaomi",
    "product_name": "미 로봇 진공청소기 Pro",
    "discount": "35%",
    "price": "320,000원",
    "original_price": "500,000원",
    "delivery": "무료배송",
    "delivery_date": "9/15 도착예정",
    "ratings": "300개",
    "image_path": "./dbImg/category/02appliances/appliances3.jpg",
    "category": "appliances",
    "viewPoint": "많이 본 상품",
    "cartPoint": "많이 담은 상품",
    "buyingPoint": "많이 구매 한 상품",
    "shippingType": "국내배송",
    "isFavorited": false,
    "shippingMethod": "7-10일 배송",
    "cart": 0,
    "Product-classification": "가전제품",
    "reviews": "★★★★☆"
  },
  {
    "id": "AP-0010",
    "brand": "Xiaomi",
    "product_name": "스팀 다리미",
    "discount": "20%",
    "price": "24,000원",
    "original_price": "30,000원",
    "delivery": "무료배송",
    "delivery_date": "9/8 도착예정",
    "ratings": "500개",
    "image_path": "./dbImg/category/02appliances/appliances4.jpg",
    "category": "appliances",
    "viewPoint": "많이 본 상품",
    "cartPoint": "많이 담은 상품",
    "buyingPoint": "많이 구매 한 상품",
    "shippingType": "해외배송",
    "isFavorited": true,
    "shippingMethod": "choice배송",
    "cart": 0,
    "Product-classification": "가전제품",
    "reviews": "★★★★★"
  },
  {
    "id": "AP-0011",
    "brand": "Xiaomi",
    "product_name": "샤오미 스마트 홈 카메라",
    "discount": "10%",
    "price": "49,000원",
    "original_price": "54,000원",
    "delivery": "무료배송",
    "delivery_date": "9/22 도착예정",
    "ratings": "120개",
    "image_path": "./dbImg/category/02appliances/appliances5.jpg",
    "category": "appliances",
    "viewPoint": "많이 본 상품",
    "cartPoint": "많이 담은 상품",
    "buyingPoint": "많이 구매 한 상품",
    "shippingType": "국내배송",
    "isFavorited": false,
    "shippingMethod": "7-10일 배송",
    "cart": 0,
    "Product-classification": "가전제품",
    "reviews": "★★★★☆"
  },
  {
    "id": "AP-0012",
    "brand": "Xiaomi",
    "product_name": "샤오미 스마트 체중계",
    "discount": "15%",
    "price": "25,000원",
    "original_price": "29,500원",
    "delivery": "무료배송",
    "delivery_date": "9/21 도착예정",
    "ratings": "85개",
    "image_path": "./dbImg/category/02appliances/appliances6.jpg",
    "category": "appliances",
    "viewPoint": "많이 본 상품",
    "cartPoint": "많이 담은 상품",
    "buyingPoint": "많이 구매 한 상품",
    "shippingType": "해외배송",
    "isFavorited": true,
    "shippingMethod": "choice배송",
    "cart": 0,
    "Product-classification": "가전제품",
    "reviews": "★★★★★"
  },
  {
    "id": "AP-0013",
    "brand": "Xiaomi",
    "product_name": "샤오미 휴대용 스프레이 물병",
    "discount": "20%",
    "price": "15,000원",
    "original_price": "18,750원",
    "delivery": "무료배송",
    "delivery_date": "9/23 도착예정",
    "ratings": "55개",
    "image_path": "./dbImg/category/02appliances/appliances7.jpg",
    "category": "appliances",
    "viewPoint": "많이 본 상품",
    "cartPoint": "많이 담은 상품",
    "buyingPoint": "많이 구매 한 상품",
    "shippingType": "국내배송",
    "isFavorited": false,
    "shippingMethod": "7-10일 배송",
    "cart": 0,
    "Product-classification": "가전제품",
    "reviews": "★★★★☆"
  },
  {
    "id": "AP-0014",
    "brand": "BALASHOV",
    "product_name": "BALASHOV 미니 멀티쿠커",
    "discount": "30%",
    "price": "39,000원",
    "original_price": "55,700원",
    "delivery": "무료배송",
    "delivery_date": "9/25 도착예정",
    "ratings": "92개",
    "image_path": "./dbImg/category/02appliances/appliances8.jpg",
    "category": "appliances",
    "viewPoint": "많이 본 상품",
    "cartPoint": "많이 담은 상품",
    "buyingPoint": "많이 구매 한 상품",
    "shippingType": "해외배송",
    "isFavorited": true,
    "shippingMethod": "choice배송",
    "cart": 0,
    "Product-classification": "가전제품",
    "reviews": "★★★★★"
  },
  {
    "id": "HM-0001",
    "brand": "홈웨어",
    "product_name": "유리 머그잔 세트",
    "discount": "20%",
    "price": "15,000원",
    "original_price": "18,750원",
    "delivery": "무료배송",
    "delivery_date": "9/25 도착예정",
    "ratings": "120개",
    "image_path": "./dbImg/category/03home/home1.jpg",
    "category": "home",
    "viewPoint": "많이 본 상품",
    "cartPoint": "많이 담은 상품",
    "buyingPoint": "많이 구매 한 상품",
    "shippingType": "국내배송",
    "isFavorited": true,
    "shippingMethod": "7-10일 배송",
    "cart": 0,
    "Product-classification": "가정용품",
    "reviews": "★★★★☆"
  },
  {
    "id": "HM-0002",
    "brand": "테이블웨어",
    "product_name": "세라믹 그릇 세트",
    "discount": "25%",
    "price": "20,000원",
    "original_price": "26,667원",
    "delivery": "무료배송",
    "delivery_date": "9/24 도착예정",
    "ratings": "85개",
    "image_path": "./dbImg/category/03home/home2.jpg",
    "category": "home",
    "viewPoint": "많이 본 상품",
    "cartPoint": "많이 담은 상품",
    "buyingPoint": "많이 구매 한 상품",
    "shippingType": "해외배송",
    "isFavorited": false,
    "shippingMethod": "choice배송",
    "cart": 0,
    "Product-classification": "가정용품",
    "reviews": "★★★★★"
  },
  {
    "id": "HM-0003",
    "brand": "키친웨어",
    "product_name": "다용도 테이블 매트",
    "discount": "30%",
    "price": "10,500원",
    "original_price": "15,000원",
    "delivery": "무료배송",
    "delivery_date": "9/26 도착예정",
    "ratings": "98개",
    "image_path": "./dbImg/category/03home/home3.jpg",
    "category": "home",
    "viewPoint": "많이 본 상품",
    "cartPoint": "많이 담은 상품",
    "buyingPoint": "많이 구매 한 상품",
    "shippingType": "해외배송",
    "isFavorited": true,
    "shippingMethod": "choice배송",
    "cart": 0,
    "Product-classification": "가정용품",
    "reviews": "★★★★☆"
  },
  {
    "id": "HM-0004",
    "brand": "스마일리",
    "product_name": "행복한 디자인 접시 세트",
    "discount": "35%",
    "price": "12,000원",
    "original_price": "18,461원",
    "delivery": "무료배송",
    "delivery_date": "9/23 도착예정",
    "ratings": "150개",
    "image_path": "./dbImg/category/03home/home4.jpg",
    "category": "home",
    "viewPoint": "많이 본 상품",
    "cartPoint": "많이 담은 상품",
    "buyingPoint": "많이 구매 한 상품",
    "shippingType": "해외배송",
    "isFavorited": false,
    "shippingMethod": "choice배송",
    "cart": 0,
    "Product-classification": "가정용품",
    "reviews": "★★★★★"
  },
  {
    "id": "HM-0005",
    "brand": "홈리빙",
    "product_name": "프리미엄 침구 세트",
    "discount": "40%",
    "price": "85,000원",
    "original_price": "141,666원",
    "delivery": "무료배송",
    "delivery_date": "9/22 도착예정",
    "ratings": "220개",
    "image_path": "./dbImg/category/03home/home5.jpg",
    "category": "home",
    "viewPoint": "많이 본 상품",
    "cartPoint": "많이 담은 상품",
    "buyingPoint": "많이 구매 한 상품",
    "shippingType": "국내배송",
    "isFavorited": true,
    "shippingMethod": "7-10일 배송",
    "cart": 0,
    "Product-classification": "가정용품",
    "reviews": "★★★★☆"
  },
  {
    "id": "HM-0006",
    "brand": "패브릭",
    "product_name": "프리미엄 수건 세트",
    "discount": "50%",
    "price": "15,000원",
    "original_price": "30,000원",
    "delivery": "무료배송",
    "delivery_date": "9/24 도착예정",
    "ratings": "300개",
    "image_path": "./dbImg/category/03home/home6.jpg",
    "category": "home",
    "viewPoint": "많이 본 상품",
    "cartPoint": "많이 담은 상품",
    "buyingPoint": "많이 구매 한 상품",
    "shippingType": "해외배송",
    "isFavorited": false,
    "shippingMethod": "7-10일 배송",
    "cart": 0,
    "Product-classification": "가정용품",
    "reviews": "★★★★★"
  },
  {
    "id": "HM-0007",
    "brand": "홈데코",
    "product_name": "쿠션 등받이",
    "discount": "45%",
    "price": "32,000원",
    "original_price": "58,181원",
    "delivery": "무료배송",
    "delivery_date": "9/21 도착예정",
    "ratings": "180개",
    "image_path": "./dbImg/category/03home/home7.jpg",
    "category": "home",
    "viewPoint": "많이 본 상품",
    "cartPoint": "많이 담은 상품",
    "buyingPoint": "많이 구매 한 상품",
    "shippingType": "국내배송",
    "isFavorited": true,
    "shippingMethod": "choice배송",
    "cart": 0,
    "Product-classification": "가정용품",
    "reviews": "★★★★☆"
  },
  {
    "id": "HM-0008",
    "brand": "글래스웨어",
    "product_name": "프리미엄 와인잔 세트",
    "discount": "60%",
    "price": "25,000원",
    "original_price": "62,500원",
    "delivery": "무료배송",
    "delivery_date": "9/25 도착예정",
    "ratings": "275개",
    "image_path": "./dbImg/category/03home/home8.jpg",
    "category": "home",
    "viewPoint": "많이 본 상품",
    "cartPoint": "많이 담은 상품",
    "buyingPoint": "많이 구매 한 상품",
    "shippingType": "해외배송",
    "isFavorited": true,
    "shippingMethod": "7-10일 배송",
    "cart": 0,
    "Product-classification": "가정용품",
    "reviews": "★★★★★"
  },
  {
    "id": "BT-0001",
    "brand": "Anua",
    "product_name": "Heartleaf Pore Clay Pack",
    "discount": "20%",
    "price": "18,000원",
    "original_price": "22,500원",
    "delivery": "무료배송",
    "delivery_date": "9/25 도착예정",
    "ratings": "150개",
    "image_path": "./dbImg/category/04beauty/beauty1.png",
    "category": "beauty",
    "viewPoint": "많이 본 상품",
    "cartPoint": "많이 담은 상품",
    "buyingPoint": "많이 구매 한 상품",
    "shippingType": "국내배송",
    "isFavorited": false,
    "shippingMethod": "choice배송",
    "cart": 0,
    "Product-classification": "뷰티",
    "reviews": "★★★★★"
  },
  {
    "id": "BT-0002",
    "brand": "Foreo",
    "product_name": "미니 페이셜 클렌징 디바이스",
    "discount": "35%",
    "price": "25,000원",
    "original_price": "38,500원",
    "delivery": "무료배송",
    "delivery_date": "9/26 도착예정",
    "ratings": "175개",
    "image_path": "./dbImg/category/04beauty/beauty2.jpg",
    "category": "beauty",
    "viewPoint": "많이 본 상품",
    "cartPoint": "많이 담은 상품",
    "buyingPoint": "많이 구매 한 상품",
    "shippingType": "해외배송",
    "isFavorited": true,
    "shippingMethod": "7-10일 배송",
    "cart": 0,
    "Product-classification": "뷰티",
    "reviews": "★★★★☆"
  },
  {
    "id": "BT-0003",
    "brand": "Dyson",
    "product_name": "다기능 헤어 스타일러 세트",
    "discount": "40%",
    "price": "120,000원",
    "original_price": "200,000원",
    "delivery": "무료배송",
    "delivery_date": "9/24 도착예정",
    "ratings": "300개",
    "image_path": "./dbImg/category/04beauty/beauty3.jpg",
    "category": "beauty",
    "viewPoint": "많이 본 상품",
    "cartPoint": "많이 담은 상품",
    "buyingPoint": "많이 구매 한 상품",
    "shippingType": "국내배송",
    "isFavorited": false,
    "shippingMethod": "choice배송",
    "cart": 0,
    "Product-classification": "뷰티",
    "reviews": "★★★★★"
  },
  {
    "id": "BT-0004",
    "brand": "Mason Pearson",
    "product_name": "프리미엄 우든 헤어 브러쉬",
    "discount": "25%",
    "price": "18,000원",
    "original_price": "24,000원",
    "delivery": "무료배송",
    "delivery_date": "9/23 도착예정",
    "ratings": "85개",
    "image_path": "./dbImg/category/04beauty/beauty4.jpg",
    "category": "beauty",
    "viewPoint": "많이 본 상품",
    "cartPoint": "많이 담은 상품",
    "buyingPoint": "많이 구매 한 상품",
    "shippingType": "해외배송",
    "isFavorited": true,
    "shippingMethod": "7-10일 배송",
    "cart": 0,
    "Product-classification": "뷰티",
    "reviews": "★★★★☆"
  },
  {
    "id": "BT-0005",
    "brand": "ReFa",
    "product_name": "페이스 마사지 롤러 & 괄사 세트",
    "discount": "50%",
    "price": "30,000원",
    "original_price": "60,000원",
    "delivery": "무료배송",
    "delivery_date": "9/22 도착예정",
    "ratings": "250개",
    "image_path": "./dbImg/category/04beauty/beauty5.jpg",
    "category": "beauty",
    "viewPoint": "많이 본 상품",
    "cartPoint": "많이 담은 상품",
    "buyingPoint": "많이 구매 한 상품",
    "shippingType": "해외배송",
    "isFavorited": true,
    "shippingMethod": "choice배송",
    "cart": 0,
    "Product-classification": "뷰티",
    "reviews": "★★★★★"
  },
  {
    "id": "BT-0006",
    "brand": "Beauty Blender",
    "product_name": "프리미엄 쿠션 퍼프 세트",
    "discount": "35%",
    "price": "12,000원",
    "original_price": "18,461원",
    "delivery": "무료배송",
    "delivery_date": "9/23 도착예정",
    "ratings": "120개",
    "image_path": "./dbImg/category/04beauty/beauty6.jpg",
    "category": "beauty",
    "viewPoint": "많이 본 상품",
    "cartPoint": "많이 담은 상품",
    "buyingPoint": "많이 구매 한 상품",
    "shippingType": "해외배송",
    "isFavorited": false,
    "shippingMethod": "choice배송",
    "cart": 0,
    "Product-classification": "뷰티",
    "reviews": "★★★★☆"
  },
  {
    "id": "BT-0007",
    "brand": "Muji",
    "product_name": "프리미엄 화장솜 & 면봉 세트",
    "discount": "45%",
    "price": "7,000원",
    "original_price": "12,727원",
    "delivery": "무료배송",
    "delivery_date": "9/21 도착예정",
    "ratings": "95개",
    "image_path": "./dbImg/category/04beauty/beauty7.jpg",
    "category": "beauty",
    "viewPoint": "많이 본 상품",
    "cartPoint": "많이 담은 상품",
    "buyingPoint": "많이 구매 한 상품",
    "shippingType": "국내배송",
    "isFavorited": true,
    "shippingMethod": "7-10일 배송",
    "cart": 0,
    "Product-classification": "뷰티",
    "reviews": "★★★★★"
  },
  {
    "id": "BT-0008",
    "brand": "HAY",
    "product_name": "다용도 메탈 화장품 보관함",
    "discount": "60%",
    "price": "15,000원",
    "original_price": "37,500원",
    "delivery": "무료배송",
    "delivery_date": "9/25 도착예정",
    "ratings": "275개",
    "image_path": "./dbImg/category/04beauty/beauty8.jpg",
    "category": "beauty",
    "viewPoint": "많이 본 상품",
    "cartPoint": "많이 담은 상품",
    "buyingPoint": "많이 구매 한 상품",
    "shippingType": "해외배송",
    "isFavorited": true,
    "shippingMethod": "7-10일 배송",
    "cart": 0,
    "Product-classification": "뷰티",
    "reviews": "★★★★☆"
  },
  {
    "id": "FS-0001",
    "brand": "COS",
    "product_name": "크림 버튼업 니트 카디건",
    "discount": "30%",
    "price": "150,000원",
    "original_price": "214,000원",
    "delivery": "무료배송",
    "delivery_date": "9/24 도착예정",
    "ratings": "320개",
    "image_path": "./dbImg/category/05fashion/fashion1.jpg",
    "category": "fashion",
    "viewPoint": "많이 본 상품",
    "cartPoint": "많이 담은 상품",
    "buyingPoint": "많이 구매 한 상품",
    "shippingType": "해외배송",
    "isFavorited": true,
    "shippingMethod": "choice배송",
    "cart": 0,
    "Product-classification": "패션",
    "reviews": "★★★★★"
  },
  {
    "id": "FS-0002",
    "brand": "Tiffany & Co.",
    "product_name": "스털링 실버 매듭 목걸이",
    "discount": "15%",
    "price": "380,000원",
    "original_price": "450,000원",
    "delivery": "무료배송",
    "delivery_date": "9/25 도착예정",
    "ratings": "540개",
    "image_path": "./dbImg/category/05fashion/fashion2.jpg",
    "category": "fashion",
    "viewPoint": "많이 본 상품",
    "cartPoint": "많이 담은 상품",
    "buyingPoint": "많이 구매 한 상품",
    "shippingType": "해외배송",
    "isFavorited": true,
    "shippingMethod": "7-10일 배송",
    "cart": 0,
    "Product-classification": "패션",
    "reviews": "★★★★★"
  },
  {
    "id": "FS-0003",
    "brand": "Sandro",
    "product_name": "네이비 골드 트림 카디건",
    "discount": "20%",
    "price": "210,000원",
    "original_price": "262,500원",
    "delivery": "무료배송",
    "delivery_date": "9/23 도착예정",
    "ratings": "110개",
    "image_path": "./dbImg/category/05fashion/fashion3.jpg",
    "category": "fashion",
    "viewPoint": "많이 본 상품",
    "cartPoint": "많이 담은 상품",
    "buyingPoint": "많이 구매 한 상품",
    "shippingType": "국내배송",
    "isFavorited": false,
    "shippingMethod": "choice배송",
    "cart": 0,
    "Product-classification": "패션",
    "reviews": "★★★★☆"
  },
  {
    "id": "FS-0004",
    "brand": "Maison Kitsuné",
    "product_name": "화이트 리본 블라우스",
    "discount": "25%",
    "price": "185,000원",
    "original_price": "246,000원",
    "delivery": "무료배송",
    "delivery_date": "9/22 도착예정",
    "ratings": "180개",
    "image_path": "./dbImg/category/05fashion/fashion4.jpg",
    "category": "fashion",
    "viewPoint": "많이 본 상품",
    "cartPoint": "많이 담은 상품",
    "buyingPoint": "많이 구매 한 상품",
    "shippingType": "해외배송",
    "isFavorited": true,
    "shippingMethod": "choice배송",
    "cart": 0,
    "Product-classification": "패션",
    "reviews": "★★★★★"
  },
  {
    "id": "FS-0005",
    "brand": "Ganni",
    "product_name": "블루 체크 프린트 원피스",
    "discount": "40%",
    "price": "120,000원",
    "original_price": "200,000원",
    "delivery": "무료배송",
    "delivery_date": "9/21 도착예정",
    "ratings": "230개",
    "image_path": "./dbImg/category/05fashion/fashion5.jpg",
    "category": "fashion",
    "viewPoint": "많이 본 상품",
    "cartPoint": "많이 담은 상품",
    "buyingPoint": "많이 구매 한 상품",
    "shippingType": "국내배송",
    "isFavorited": false,
    "shippingMethod": "7-10일 배송",
    "cart": 0,
    "Product-classification": "패션",
    "reviews": "★★★★☆"
  },
  {
    "id": "FS-0006",
    "brand": "Reformation",
    "product_name": "아이보리 리본 슬리브 탑",
    "discount": "35%",
    "price": "110,000원",
    "original_price": "169,000원",
    "delivery": "무료배송",
    "delivery_date": "9/24 도착예정",
    "ratings": "320개",
    "image_path": "./dbImg/category/05fashion/fashion6.jpg",
    "category": "fashion",
    "viewPoint": "많이 본 상품",
    "cartPoint": "많이 담은 상품",
    "buyingPoint": "많이 구매 한 상품",
    "shippingType": "해외배송",
    "isFavorited": true,
    "shippingMethod": "choice배송",
    "cart": 0,
    "Product-classification": "패션",
    "reviews": "★★★★★"
  },
  {
    "id": "FS-0007",
    "brand": "Yale Apparel",
    "product_name": "데님 후드 재킷",
    "discount": "50%",
    "price": "99,000원",
    "original_price": "198,000원",
    "delivery": "무료배송",
    "delivery_date": "9/23 도착예정",
    "ratings": "520개",
    "image_path": "./dbImg/category/05fashion/fashion7.jpg",
    "category": "fashion",
    "viewPoint": "많이 본 상품",
    "cartPoint": "많이 담은 상품",
    "buyingPoint": "많이 구매 한 상품",
    "shippingType": "국내배송",
    "isFavorited": true,
    "shippingMethod": "choice배송",
    "cart": 0,
    "Product-classification": "패션",
    "reviews": "★★★★☆"
  },
  {
    "id": "FS-0008",
    "brand": "ADER Error",
    "product_name": "그래픽 프린트 스트리트 티셔츠",
    "discount": "60%",
    "price": "68,000원",
    "original_price": "170,000원",
    "delivery": "무료배송",
    "delivery_date": "9/25 도착예정",
    "ratings": "410개",
    "image_path": "./dbImg/category/05fashion/fashion8.jpg",
    "category": "fashion",
    "viewPoint": "많이 본 상품",
    "cartPoint": "많이 담은 상품",
    "buyingPoint": "많이 구매 한 상품",
    "shippingType": "해외배송",
    "isFavorited": false,
    "shippingMethod": "7-10일 배송",
    "cart": 0,
    "Product-classification": "패션",
    "reviews": "★★★★★"
  },
  {
    "id": "BB-0001",
    "brand": "Baby Bear",
    "product_name": "아기용 귀달이 썬캡",
    "discount": "20%",
    "price": "12,000원",
    "original_price": "15,000원",
    "delivery": "무료배송",
    "delivery_date": "9/25 도착예정",
    "ratings": "100개",
    "image_path": "./dbImg/category/06baby/baby1.jpg",
    "category": "baby",
    "viewPoint": "많이 본 상품",
    "cartPoint": "많이 담은 상품",
    "buyingPoint": "많이 구매 한 상품",
    "shippingType": "해외배송",
    "isFavorited": false,
    "shippingMethod": "7-10일 배송",
    "cart": 0,
    "Product-classification": "유아용품",
    "reviews": "★★★★☆"
  },
  {
    "id": "BB-0002",
    "brand": "Cotton Comfort",
    "product_name": "파스텔 컬러 아기 모자 세트",
    "discount": "15%",
    "price": "25,000원",
    "original_price": "29,500원",
    "delivery": "무료배송",
    "delivery_date": "9/26 도착예정",
    "ratings": "250개",
    "image_path": "./dbImg/category/06baby/baby2.jpg",
    "category": "baby",
    "viewPoint": "많이 본 상품",
    "cartPoint": "많이 담은 상품",
    "buyingPoint": "많이 구매 한 상품",
    "shippingType": "국내배송",
    "isFavorited": true,
    "shippingMethod": "choice배송",
    "cart": 0,
    "Product-classification": "유아용품",
    "reviews": "★★★★★"
  },
  {
    "id": "BB-0003",
    "brand": "Bunny World",
    "product_name": "유아용 인형 모빌",
    "discount": "30%",
    "price": "22,000원",
    "original_price": "31,500원",
    "delivery": "무료배송",
    "delivery_date": "9/24 도착예정",
    "ratings": "180개",
    "image_path": "./dbImg/category/06baby/baby3.jpg",
    "category": "baby",
    "viewPoint": "많이 본 상품",
    "cartPoint": "많이 담은 상품",
    "buyingPoint": "많이 구매 한 상품",
    "shippingType": "해외배송",
    "isFavorited": true,
    "shippingMethod": "7-10일 배송",
    "cart": 0,
    "Product-classification": "유아용품",
    "reviews": "★★★★☆"
  },
  {
    "id": "BB-0004",
    "brand": "Teddy Travel",
    "product_name": "유아용 여행 가방",
    "discount": "25%",
    "price": "45,000원",
    "original_price": "60,000원",
    "delivery": "무료배송",
    "delivery_date": "9/22 도착예정",
    "ratings": "120개",
    "image_path": "./dbImg/category/06baby/baby4.jpg",
    "category": "baby",
    "viewPoint": "많이 본 상품",
    "cartPoint": "많이 담은 상품",
    "buyingPoint": "많이 구매 한 상품",
    "shippingType": "국내배송",
    "isFavorited": false,
    "shippingMethod": "choice배송",
    "cart": 0,
    "Product-classification": "유아용품",
    "reviews": "★★★★★"
  },
  {
    "id": "BB-0005",
    "brand": "Oyster",
    "product_name": "Oyster3 유모차 플러스 클래식",
    "discount": "35%",
    "price": "380,000원",
    "original_price": "585,000원",
    "delivery": "무료배송",
    "delivery_date": "9/21 도착예정",
    "ratings": "300개",
    "image_path": "./dbImg/category/06baby/baby5.jpg",
    "category": "baby",
    "viewPoint": "많이 본 상품",
    "cartPoint": "많이 담은 상품",
    "buyingPoint": "많이 구매 한 상품",
    "shippingType": "해외배송",
    "isFavorited": true,
    "shippingMethod": "choice배송",
    "cart": 0,
    "Product-classification": "유아용품",
    "reviews": "★★★★☆"
  },
  {
    "id": "BB-0006",
    "brand": "Soft Touch",
    "product_name": "아기용 바디수트 세트",
    "discount": "40%",
    "price": "28,000원",
    "original_price": "46,500원",
    "delivery": "무료배송",
    "delivery_date": "9/23 도착예정",
    "ratings": "320개",
    "image_path": "./dbImg/category/06baby/baby6.jpg",
    "category": "baby",
    "viewPoint": "많이 본 상품",
    "cartPoint": "많이 담은 상품",
    "buyingPoint": "많이 구매 한 상품",
    "shippingType": "국내배송",
    "isFavorited": false,
    "shippingMethod": "7-10일 배송",
    "cart": 0,
    "Product-classification": "유아용품",
    "reviews": "★★★★★"
  },
  {
    "id": "BB-0007",
    "brand": "Baby Fun",
    "product_name": "유아용 접이식 캠핑 체어",
    "discount": "50%",
    "price": "18,000원",
    "original_price": "36,000원",
    "delivery": "무료배송",
    "delivery_date": "9/24 도착예정",
    "ratings": "150개",
    "image_path": "./dbImg/category/06baby/baby7.jpg",
    "category": "baby",
    "viewPoint": "많이 본 상품",
    "cartPoint": "많이 담은 상품",
    "buyingPoint": "많이 구매 한 상품",
    "shippingType": "해외배송",
    "isFavorited": true,
    "shippingMethod": "7-10일 배송",
    "cart": 0,
    "Product-classification": "유아용품",
    "reviews": "★★★★☆"
  },
  {
    "id": "BB-0008",
    "brand": "Cuddle Bear",
    "product_name": "아기용 곰 인형 쿠션",
    "discount": "45%",
    "price": "35,000원",
    "original_price": "63,000원",
    "delivery": "무료배송",
    "delivery_date": "9/22 도착예정",
    "ratings": "210개",
    "image_path": "./dbImg/category/06baby/baby8.jpg",
    "category": "baby",
    "viewPoint": "많이 본 상품",
    "cartPoint": "많이 담은 상품",
    "buyingPoint": "많이 구매 한 상품",
    "shippingType": "국내배송",
    "isFavorited": false,
    "shippingMethod": "choice배송",
    "cart": 0,
    "Product-classification": "유아용품",
    "reviews": "★★★★★"
  },
  {
    "id": "GM-0001",
    "brand": "Nintendo",
    "product_name": "Nintendo Switch 동물의 숲 에디션",
    "discount": "10%",
    "price": "320,000원",
    "original_price": "355,000원",
    "delivery": "무료배송",
    "delivery_date": "9/25 도착예정",
    "ratings": "850개",
    "image_path": "./dbImg/category/07game/game1.jpg",
    "category": "game",
    "viewPoint": "많이 본 상품",
    "cartPoint": "많이 담은 상품",
    "buyingPoint": "많이 구매 한 상품",
    "shippingType": "해외배송",
    "isFavorited": true,
    "shippingMethod": "7-10일 배송",
    "cart": 0,
    "Product-classification": "게임",
    "reviews": "★★★★☆"
  },
  {
    "id": "GM-0002",
    "brand": "Capcom",
    "product_name": "대역전재판 1&2",
    "discount": "20%",
    "price": "38,000원",
    "original_price": "47,500원",
    "delivery": "무료배송",
    "delivery_date": "9/24 도착예정",
    "ratings": "450개",
    "image_path": "./dbImg/category/07game/game2.jpg",
    "category": "game",
    "viewPoint": "많이 본 상품",
    "cartPoint": "많이 담은 상품",
    "buyingPoint": "많이 구매 한 상품",
    "shippingType": "해외배송",
    "isFavorited": false,
    "shippingMethod": "7-10일 배송",
    "cart": 0,
    "Product-classification": "게임",
    "reviews": "★★★★★"
  },
  {
    "id": "GM-0003",
    "brand": "EA Sports",
    "product_name": "FIFA 23 PS5",
    "discount": "35%",
    "price": "48,000원",
    "original_price": "73,500원",
    "delivery": "무료배송",
    "delivery_date": "9/22 도착예정",
    "ratings": "650개",
    "image_path": "./dbImg/category/07game/game3.jpg",
    "category": "game",
    "viewPoint": "많이 본 상품",
    "cartPoint": "많이 담은 상품",
    "buyingPoint": "많이 구매 한 상품",
    "shippingType": "국내배송",
    "isFavorited": true,
    "shippingMethod": "7-10일 배송",
    "cart": 0,
    "Product-classification": "게임",
    "reviews": "★★★★☆"
  },
  {
    "id": "GM-0004",
    "brand": "Sony",
    "product_name": "PlayStation 5",
    "discount": "5%",
    "price": "600,000원",
    "original_price": "630,000원",
    "delivery": "무료배송",
    "delivery_date": "9/25 도착예정",
    "ratings": "950개",
    "image_path": "./dbImg/category/07game/game4.jpg",
    "category": "game",
    "viewPoint": "많이 본 상품",
    "cartPoint": "많이 담은 상품",
    "buyingPoint": "많이 구매 한 상품",
    "shippingType": "해외배송",
    "isFavorited": false,
    "shippingMethod": "choice배송",
    "cart": 0,
    "Product-classification": "게임",
    "reviews": "★★★★★"
  },
  {
    "id": "GM-0005",
    "brand": "Microsoft",
    "product_name": "Xbox Series X",
    "discount": "15%",
    "price": "540,000원",
    "original_price": "620,000원",
    "delivery": "무료배송",
    "delivery_date": "9/24 도착예정",
    "ratings": "900개",
    "image_path": "./dbImg/category/07game/game5.jpg",
    "category": "game",
    "viewPoint": "많이 본 상품",
    "cartPoint": "많이 담은 상품",
    "buyingPoint": "많이 구매 한 상품",
    "shippingType": "국내배송",
    "isFavorited": true,
    "shippingMethod": "7-10일 배송",
    "cart": 0,
    "Product-classification": "게임",
    "reviews": "★★★★☆"
  },
  {
    "id": "GM-0006",
    "brand": "Square Enix",
    "product_name": "파이널 판타지 VII 리메이크",
    "discount": "25%",
    "price": "44,000원",
    "original_price": "59,000원",
    "delivery": "무료배송",
    "delivery_date": "9/23 도착예정",
    "ratings": "800개",
    "image_path": "./dbImg/category/07game/game6.jpg",
    "category": "game",
    "viewPoint": "많이 본 상품",
    "cartPoint": "많이 담은 상품",
    "buyingPoint": "많이 구매 한 상품",
    "shippingType": "해외배송",
    "isFavorited": false,
    "shippingMethod": "7-10일 배송",
    "cart": 0,
    "Product-classification": "게임",
    "reviews": "★★★★★"
  },
  {
    "id": "GM-0007",
    "brand": "Sony",
    "product_name": "PlayStation VR",
    "discount": "15%",
    "price": "280,000원",
    "original_price": "330,000원",
    "delivery": "무료배송",
    "delivery_date": "9/22 도착예정",
    "ratings": "950개",
    "image_path": "./dbImg/category/07game/game7.jpg",
    "category": "game",
    "viewPoint": "많이 본 상품",
    "cartPoint": "많이 담은 상품",
    "buyingPoint": "많이 구매 한 상품",
    "shippingType": "해외배송",
    "isFavorited": true,
    "shippingMethod": "7-10일 배송",
    "cart": 0,
    "Product-classification": "게임",
    "reviews": "★★★★☆"
  },
  {
    "id": "GM-0008",
    "brand": "Retro Games",
    "product_name": "X6 휴대용 게임기",
    "discount": "50%",
    "price": "35,000원",
    "original_price": "70,000원",
    "delivery": "무료배송",
    "delivery_date": "9/24 도착예정",
    "ratings": "450개",
    "image_path": "./dbImg/category/07game/game8.png",
    "category": "game",
    "viewPoint": "많이 본 상품",
    "cartPoint": "많이 담은 상품",
    "buyingPoint": "많이 구매 한 상품",
    "shippingType": "국내배송",
    "isFavorited": false,
    "shippingMethod": "choice배송",
    "cart": 0,
    "Product-classification": "게임",
    "reviews": "★★★★☆"
  },
  {
    "id": "SP-0001",
    "brand": "X-WALKING",
    "product_name": "프리미엄 엑스 워킹머신 가정용",
    "discount": "44%",
    "price": "183,459원",
    "original_price": "327,598원",
    "delivery": "무료배송",
    "delivery_date": "9/24 도착예정",
    "ratings": "53개",
    "image_path": "./dbImg/category/08sports/sports1.png",
    "category": "sports",
    "viewPoint": "많이 본 상품",
    "cartPoint": "많이 담은 상품",
    "buyingPoint": "많이 구매 한 상품",
    "shippingType": "해외배송",
    "isFavorited": true,
    "shippingMethod": "7-10일 배송",
    "cart": 0,
    "Product-classification": "스포츠",
    "reviews": "★★★★★"
  },
  {
    "id": "SP-0002",
    "brand": "SPORTLER",
    "product_name": "EVA 폼롤러 60cm",
    "discount": "35%",
    "price": "15,831원",
    "original_price": "24,362원",
    "delivery": "무료배송",
    "delivery_date": "9/18 도착예정",
    "ratings": "273개",
    "image_path": "./dbImg/category/08sports/sports2.png",
    "category": "sports",
    "viewPoint": "많이 본 상품",
    "cartPoint": "많이 담은 상품",
    "buyingPoint": "많이 구매 한 상품",
    "shippingType": "국내배송",
    "isFavorited": false,
    "shippingMethod": "choice배송",
    "cart": 0,
    "Product-classification": "스포츠",
    "reviews": "★★★★☆"
  },
  {
    "id": "SP-0003",
    "brand": "ADIDAS",
    "product_name": "피트니스 요가매트 10mm",
    "discount": "44%",
    "price": "30,490원",
    "original_price": "54,456원",
    "delivery": "무료배송",
    "delivery_date": "9/20 도착예정",
    "ratings": "202개",
    "image_path": "./dbImg/category/08sports/sports3.png",
    "category": "sports",
    "viewPoint": "많이 본 상품",
    "cartPoint": "많이 담은 상품",
    "buyingPoint": "많이 구매 한 상품",
    "shippingType": "해외배송",
    "isFavorited": true,
    "shippingMethod": "7-10일 배송",
    "cart": 0,
    "Product-classification": "스포츠",
    "reviews": "★★★★★"
  },
  {
    "id": "SP-0004",
    "brand": "XBIKE",
    "product_name": "손리 엑스바이크 플래티넘 실내 자전거",
    "discount": "39%",
    "price": "119,476원",
    "original_price": "195,852원",
    "delivery": "무료배송",
    "delivery_date": "9/20 도착예정",
    "ratings": "64개",
    "image_path": "./dbImg/category/08sports/sports4.png",
    "category": "sports",
    "viewPoint": "많이 본 상품",
    "cartPoint": "많이 담은 상품",
    "buyingPoint": "많이 구매 한 상품",
    "shippingType": "국내배송",
    "isFavorited": false,
    "shippingMethod": "choice배송",
    "cart": 0,
    "Product-classification": "스포츠",
    "reviews": "★★★★☆"
  },
  {
    "id": "SP-0005",
    "brand": "BURNING",
    "product_name": "타이트 핏 하이웨스트 레깅스 여성용",
    "discount": "38%",
    "price": "33,752원",
    "original_price": "54,442원",
    "delivery": "무료배송",
    "delivery_date": "9/20 도착예정",
    "ratings": "123개",
    "image_path": "./dbImg/category/08sports/sports5.png",
    "category": "sports",
    "viewPoint": "많이 본 상품",
    "cartPoint": "많이 담은 상품",
    "buyingPoint": "많이 구매 한 상품",
    "shippingType": "해외배송",
    "isFavorited": true,
    "shippingMethod": "7-10일 배송",
    "cart": 0,
    "Product-classification": "스포츠",
    "reviews": "★★★☆☆"
  },
  {
    "id": "SP-0006",
    "brand": "ADIDAS",
    "product_name": "D4T HIIT 워크아웃 히트레디 티",
    "discount": "35%",
    "price": "42,650원",
    "original_price": "65,000원",
    "delivery": "무료배송",
    "delivery_date": "9/21 도착예정",
    "ratings": "173개",
    "image_path": "./dbImg/category/08sports/sports6.png",
    "category": "sports",
    "viewPoint": "많이 본 상품",
    "cartPoint": "많이 담은 상품",
    "buyingPoint": "많이 구매 한 상품",
    "shippingType": "국내배송",
    "isFavorited": false,
    "shippingMethod": "choice배송",
    "cart": 0,
    "Product-classification": "스포츠",
    "reviews": "★★★★★"
  },
  {
    "id": "SP-0007",
    "brand": "44",
    "product_name": "천연 울양피 컬러 골프장갑 남녀공용",
    "discount": "25%",
    "price": "14,112원",
    "original_price": "18,820원",
    "delivery": "무료배송",
    "delivery_date": "9/21 도착예정",
    "ratings": "89개",
    "image_path": "./dbImg/category/08sports/sports7.png",
    "category": "sports",
    "viewPoint": "많이 본 상품",
    "cartPoint": "많이 담은 상품",
    "buyingPoint": "많이 구매 한 상품",
    "shippingType": "국내배송",
    "isFavorited": false,
    "shippingMethod": "choice배송",
    "cart": 0,
    "Product-classification": "스포츠",
    "reviews": "★★★★★"
  },
  {
    "id": "SP-0008",
    "brand": "PGM",
    "product_name": "남녀공용 골프 퍼터 950 스틸 클럽",
    "discount": "68%",
    "price": "16,760원",
    "original_price": "52,764원",
    "delivery": "무료배송",
    "delivery_date": "9/22 도착예정",
    "ratings": "122개",
    "image_path": "./dbImg/category/08sports/sports8.png",
    "category": "sports",
    "viewPoint": "많이 본 상품",
    "cartPoint": "많이 담은 상품",
    "buyingPoint": "많이 구매 한 상품",
    "shippingType": "해외배송",
    "isFavorited": true,
    "shippingMethod": "choice배송",
    "cart": 0,
    "Product-classification": "스포츠",
    "reviews": "★★★★☆"
  }
]
